{"cameraMode":{"drawMode":0,"name":"Shaded","section":"Shading Mode"},"sceneLighting":false,"audioPlay":false,"sceneViewState":{"m_AlwaysRefresh":false,"showFog":true,"showSkybox":false,"showFlares":true,"showImageEffects":true,"showParticleSystems":true,"showVisualEffectGraphs":true,"m_FxEnabled":true},"in2DMode":false,"pivot":{"x":4.334537506103516,"y":0.0926370620727539,"z":0.1703552007675171},"rotation":{"x":-0.40956127643585207,"y":0.07022213190793991,"z":-0.03164035081863403,"w":-0.9090288281440735},"size":1.299038052558899,"orthographic":false}